{"cameraMode":{"drawMode":0,"name":"Shaded","section":"Shading Mode"},"sceneLighting":false,"audioPlay":false,"sceneViewState":{"showFog":true,"showMaterialUpdate":false,"showSkybox":true,"showFlares":true,"showImageEffects":true,"showParticleSystems":true},"in2DMode":false,"pivot":{"x":599.9214477539063,"y":1.4947612285614014,"z":104.20513153076172},"rotation":{"x":0.019896045327186586,"y":0.5743357539176941,"z":-0.013963915407657624,"w":0.8182662129402161},"size":4.994787216186523,"orthographic":false}